{
  "test_loss": 0.17972715198993683,
  "test_accuracy": 0.9541284403669725,
  "test_precision": 0.9393939393939394,
  "test_recall": 0.9730941704035875,
  "test_f1": 0.9559471365638766,
  "test_runtime": 0.6573,
  "test_samples_per_second": 663.325,
  "test_steps_per_second": 21.299,
  "epoch": 4.0
}