{
  "test_loss": 0.16969619691371918,
  "test_accuracy": 0.9518348623853211,
  "test_precision": 0.9469026548672567,
  "test_recall": 0.9596412556053812,
  "test_f1": 0.9532293986636972,
  "test_runtime": 0.6562,
  "test_samples_per_second": 664.407,
  "test_steps_per_second": 21.334,
  "epoch": 5.0
}