{
  "accuracy": 0.8795,
  "precision": 0.8422677529454736,
  "recall": 0.8058590307440694,
  "f1": 0.8223952334235634
}