accuracy,precision,recall,f1
0.8795,0.8422677529454736,0.8058590307440694,0.8223952334235634
