{
  "accuracy": 0.89152,
  "precision": 0.893029232251847,
  "recall": 0.8896,
  "f1": 0.8913113177300417
}