accuracy,precision,recall,f1
0.8142201834862385,0.7958333333333333,0.8565022421524664,0.8250539956803455
