accuracy,precision,recall,f1
0.89152,0.893029232251847,0.8896,0.8913113177300417
