{
  "accuracy": 0.8142201834862385,
  "precision": 0.7958333333333333,
  "recall": 0.8565022421524664,
  "f1": 0.8250539956803455
}