{
  "test_loss": 0.474454790353775,
  "test_accuracy": 0.8990825688073395,
  "test_precision": 0.8908296943231441,
  "test_recall": 0.9147982062780269,
  "test_f1": 0.9026548672566371,
  "test_runtime": 0.7495,
  "test_samples_per_second": 581.689,
  "test_steps_per_second": 37.356,
  "epoch": 3.0
}