accuracy,precision,recall,f1
0.8188073394495413,0.8004201680672269,0.8581081081081081,0.8282608695652174
