accuracy,precision,recall,f1
0.8822,0.8823529411764706,0.882,0.8821764352870574
