{
  "accuracy": 0.8822,
  "precision": 0.8823529411764706,
  "recall": 0.882,
  "f1": 0.8821764352870574
}