{
  "Negative": {
    "precision": 0.8125,
    "recall": 0.9112149532710281,
    "f1-score": 0.8590308370044053,
    "support": 428.0
  },
  "Positive": {
    "precision": 0.9030612244897959,
    "recall": 0.7972972972972973,
    "f1-score": 0.84688995215311,
    "support": 444.0
  },
  "accuracy": 0.8532110091743119,
  "macro avg": {
    "precision": 0.8577806122448979,
    "recall": 0.8542561252841627,
    "f1-score": 0.8529603945787576,
    "support": 872.0
  },
  "weighted avg": {
    "precision": 0.8586114491668227,
    "recall": 0.8532110091743119,
    "f1-score": 0.8528490103140668,
    "support": 872.0
  },
  "val_accuracy": 0.8532110091743119,
  "best_lr": 5e-05,
  "best_cv_acc": 0.7516666666666667
}