{
  "negative": {
    "precision": 0.9376849720486682,
    "recall": 0.9575218267293486,
    "f1-score": 0.9474995846486127,
    "support": 5956.0
  },
  "positive": {
    "precision": 0.965755278830536,
    "recall": 0.9495608198030343,
    "f1-score": 0.957589585290565,
    "support": 7514.0
  },
  "accuracy": 0.9530809205642168,
  "macro avg": {
    "precision": 0.9517201254396022,
    "recall": 0.9535413232661915,
    "f1-score": 0.9525445849695888,
    "support": 13470.0
  },
  "weighted avg": {
    "precision": 0.9533434935897933,
    "recall": 0.9530809205642168,
    "f1-score": 0.9531281121039675,
    "support": 13470.0
  }
}