{
  "Negative": {
    "precision": 0.8842105263157894,
    "recall": 0.84,
    "f1-score": 0.8615384615384616,
    "support": 100.0
  },
  "Positive": {
    "precision": 0.8476190476190476,
    "recall": 0.89,
    "f1-score": 0.8682926829268293,
    "support": 100.0
  },
  "accuracy": 0.865,
  "macro avg": {
    "precision": 0.8659147869674185,
    "recall": 0.865,
    "f1-score": 0.8649155722326454,
    "support": 200.0
  },
  "weighted avg": {
    "precision": 0.8659147869674186,
    "recall": 0.865,
    "f1-score": 0.8649155722326455,
    "support": 200.0
  },
  "val_accuracy": 0.865,
  "best_lr": 5e-05,
  "best_cv_acc": 0.7849999999999999
}