{
  "accuracy": 0.8188073394495413,
  "precision": 0.8004201680672269,
  "recall": 0.8581081081081081,
  "f1": 0.8282608695652174
}