accuracy,precision,recall,f1
0.8908,0.8854771784232365,0.8876871880199667,0.8865808059825508
