{
  "sadness": {
    "precision": 0.9771739130434782,
    "recall": 0.9635584137191854,
    "f1-score": 0.9703184025903939,
    "support": 933.0
  },
  "joy": {
    "precision": 0.9561157796451915,
    "recall": 0.9552238805970149,
    "f1-score": 0.9556696220251983,
    "support": 1072.0
  },
  "love": {
    "precision": 0.842911877394636,
    "recall": 0.842911877394636,
    "f1-score": 0.842911877394636,
    "support": 261.0
  },
  "anger": {
    "precision": 0.9229024943310657,
    "recall": 0.9421296296296297,
    "f1-score": 0.9324169530355098,
    "support": 432.0
  },
  "fear": {
    "precision": 0.8967254408060453,
    "recall": 0.9198966408268734,
    "f1-score": 0.9081632653061225,
    "support": 387.0
  },
  "surprise": {
    "precision": 0.8363636363636363,
    "recall": 0.8,
    "f1-score": 0.8177777777777778,
    "support": 115.0
  },
  "accuracy": 0.936875,
  "macro avg": {
    "precision": 0.9053655235973421,
    "recall": 0.90395340702789,
    "f1-score": 0.9045429830216065,
    "support": 3200.0
  },
  "weighted avg": {
    "precision": 0.9370524431168714,
    "recall": 0.936875,
    "f1-score": 0.936903955080345,
    "support": 3200.0
  }
}