{
  "neg": {
    "precision": 0.8925911407291258,
    "recall": 0.9108,
    "f1-score": 0.9016036428430014,
    "support": 2500.0
  },
  "pos": {
    "precision": 0.9089424254797877,
    "recall": 0.8904,
    "f1-score": 0.8995756718528995,
    "support": 2500.0
  },
  "accuracy": 0.9006,
  "macro avg": {
    "precision": 0.9007667831044568,
    "recall": 0.9006000000000001,
    "f1-score": 0.9005896573479505,
    "support": 5000.0
  },
  "weighted avg": {
    "precision": 0.9007667831044568,
    "recall": 0.9006,
    "f1-score": 0.9005896573479506,
    "support": 5000.0
  }
}