{
  "sadness": {
    "precision": 0.8974854932301741,
    "recall": 0.8436363636363636,
    "f1-score": 0.8697282099343955,
    "support": 550.0
  },
  "joy": {
    "precision": 0.9617224880382775,
    "recall": 0.8565340909090909,
    "f1-score": 0.9060856498873028,
    "support": 704.0
  },
  "love": {
    "precision": 0.6885964912280702,
    "recall": 0.8820224719101124,
    "f1-score": 0.7733990147783252,
    "support": 178.0
  },
  "anger": {
    "precision": 0.8557046979865772,
    "recall": 0.9272727272727272,
    "f1-score": 0.8900523560209425,
    "support": 275.0
  },
  "fear": {
    "precision": 0.8238095238095238,
    "recall": 0.8160377358490566,
    "f1-score": 0.8199052132701422,
    "support": 212.0
  },
  "surprise": {
    "precision": 0.6666666666666666,
    "recall": 0.9876543209876543,
    "f1-score": 0.7960199004975125,
    "support": 81.0
  },
  "accuracy": 0.866,
  "macro avg": {
    "precision": 0.8156642268265483,
    "recall": 0.8855262850941675,
    "f1-score": 0.8425317240647701,
    "support": 2000.0
  },
  "weighted avg": {
    "precision": 0.8786031196440336,
    "recall": 0.866,
    "f1-score": 0.8684808763372242,
    "support": 2000.0
  },
  "val_accuracy": 0.866,
  "best_lr": 5e-05,
  "best_cv_acc": 0.7538888888888888
}